CLAIM_ID,MEMBER_ID,PROVIDER_NPI,SERVICE_DATE,CLAIM_TYPE,DIAGNOSIS_CODE,PROCEDURE_CODE,BILLED_AMOUNT,ALLOWED_AMOUNT,PAID_AMOUNT,CLAIM_STATUS
CLM0000001,MBR100234,1487654321,2026-01-04,PROFESSIONAL,E11.9,99213,245.00,142.50,114.00,PAID
CLM0000002,MBR100234,1487654321,2026-01-11,PROFESSIONAL,E11.9,80053,88.00,41.25,33.00,PAID
CLM0000003,MBR100871,1598765432,2026-01-06,INSTITUTIONAL,I10,99284,1420.00,905.00,724.00,PAID
CLM0000004,MBR100871,1598765432,2026-01-06,PROFESSIONAL,I10,93000,120.00,58.00,46.40,PAID
CLM0000005,MBR101455,1609876543,2026-01-09,PHARMACY,J45.909,,64.30,64.30,51.44,PAID
CLM0000006,MBR101455,1609876543,2026-01-22,PROFESSIONAL,J45.909,94640,210.00,,0.00,PENDED
CLM0000007,MBR102019,1710987654,2026-01-13,INSTITUTIONAL,M54.5,72148,980.00,612.00,489.60,PAID
CLM0000008,MBR102019,1710987654,2026-01-27,PROFESSIONAL,M54.5,97110,145.00,88.00,70.40,PAID
CLM0000009,MBR102688,1821098765,2026-01-15,PROFESSIONAL,Z00.00,99395,320.00,198.00,198.00,PAID
CLM0000010,MBR102688,,2026-01-15,PROFESSIONAL,Z00.00,36415,22.00,9.50,7.60,DENIED
CLM0000011,MBR103402,1932109876,2026-01-18,PHARMACY,F41.1,,112.75,112.75,90.20,PAID
CLM0000012,MBR103402,1932109876,2026-02-02,PROFESSIONAL,F41.1,90834,190.00,124.00,99.20,PAID
CLM0000013,MBR104117,2043210987,2026-02-05,INSTITUTIONAL,K21.9,43239,2150.00,1340.00,1072.00,PAID
CLM0000014,MBR104117,2043210987,2026-02-19,PROFESSIONAL,K21.9,99214,265.00,161.00,128.80,PAID
CLM0000015,MBR104883,2154321098,2026-02-08,PROFESSIONAL,J06.9,99203,215.00,,0.00,PENDED
CLM0000016,MBR104883,2154321098,2026-02-08,PHARMACY,J06.9,,38.10,38.10,30.48,PAID
CLM0000017,MBR105290,2265432109,2026-02-12,INSTITUTIONAL,S82.401A,27786,3480.00,2190.00,1752.00,PAID
CLM0000018,MBR105290,2265432109,2026-02-26,PROFESSIONAL,S82.401A,97140,155.00,94.00,75.20,PAID
CLM0000019,MBR105934,2376543210,2026-03-02,PROFESSIONAL,N39.0,81002,45.00,18.75,15.00,PAID
CLM0000020,MBR105934,2376543210,2026-03-02,PHARMACY,N39.0,,29.95,29.95,23.96,DENIED
